Ticker,Sector,Market_Cap_Cr,ROCE_Pct,OPM_Pct,Debt_To_Equity,Interest_Coverage,OCF_Cr,YoY_Profit_Growth_Pct,Pledged_Pct,Median_Turnover_Cr,Hard_Pass,Soft_Pass,Overall_Pass,Exception_Count,Exceptions
WELCORP,Capital Goods & EPC,16250.0,18.5,14.2,0.45,5.8,1450.0,24.5,0.0,55.777328516,True,True,True,0,None (Passed All)
RPEL,Capital Goods & EPC,3100.0,22.1,18.6,0.12,12.4,280.0,38.2,0.0,17.628061265,False,True,False,1,"Market Cap Rs 3100.0 Cr < Rs 5,000 Cr threshold (HARD)"
SBCL,Capital Goods & EPC,3450.0,24.8,21.0,0.08,18.2,310.0,19.8,0.0,101.73019056,False,True,False,1,"Market Cap Rs 3450.0 Cr < Rs 5,000 Cr threshold (HARD)"
AEROFLEX,Capital Goods & EPC,2480.0,28.4,20.4,0.05,22.0,210.0,29.1,0.0,29.329098260000002,False,True,False,1,"Market Cap Rs 2480.0 Cr < Rs 5,000 Cr threshold (HARD)"
TDPOWERSYS,Capital Goods & EPC,5300.0,21.6,16.8,0.02,25.5,480.0,31.4,0.0,26.382332480000002,True,True,True,0,None (Passed All)
RAMRAT,Capital Goods & EPC,3120.0,19.2,9.8,0.38,7.2,260.0,16.7,0.0,51.721844754,False,True,False,1,"Market Cap Rs 3120.0 Cr < Rs 5,000 Cr threshold (HARD)"
APARINDS,Capital Goods & EPC,32600.0,31.5,11.2,0.22,14.8,2900.0,28.9,0.0,1088.334919084,True,True,True,0,None (Passed All)
FINCABLES,Capital Goods & EPC,17600.0,20.4,13.5,0.01,35.0,1340.0,15.2,0.0,157.68075807,True,True,True,0,None (Passed All)
GRINDWELL,Capital Goods & EPC,24900.0,26.8,19.8,0.03,42.0,1820.0,18.4,0.0,439.41628353000004,True,True,True,0,None (Passed All)
ACE,Capital Goods & EPC,16400.0,29.1,15.4,0.04,28.0,1250.0,35.6,0.0,305.958020524,True,True,True,0,None (Passed All)
CARBORUNIV,Capital Goods & EPC,26800.0,22.3,16.2,0.11,19.5,1950.0,14.8,0.0,130.44256533,True,True,True,0,None (Passed All)
GOODLUCK,Capital Goods & EPC,3200.0,17.8,8.9,0.62,4.9,240.0,26.2,0.0,105.562033461,False,True,False,1,"Market Cap Rs 3200.0 Cr < Rs 5,000 Cr threshold (HARD)"
ENGINERSIN,Capital Goods & EPC,11800.0,25.4,12.8,0.0,50.0,980.0,22.1,0.0,30.262739355,True,True,True,0,None (Passed All)
